{"train/box_loss": 1.44617, "train/seg_loss": 2.86782, "train/cls_loss": 2.29932, "train/dfl_loss": 1.33384, "_timestamp": 1720288256.687816, "lr/pg0": 0.00047351479289940826, "lr/pg1": 0.00047351479289940826, "lr/pg2": 0.00047351479289940826, "metrics/precision(B)": 0.86483, "metrics/recall(B)": 0.18325, "metrics/mAP50(B)": 0.17597, "metrics/mAP50-95(B)": 0.10324, "metrics/precision(M)": 0.86721, "metrics/recall(M)": 0.18512, "metrics/mAP50(M)": 0.17837, "metrics/mAP50-95(M)": 0.10511, "val/box_loss": 1.50048, "val/seg_loss": 2.55795, "val/cls_loss": 2.32894, "val/dfl_loss": 1.43981, "labels": {"_type": "image-file", "sha256": "1dd95a1a20bd4226775ffded1e4b8f2e08c1f3b3b19a921830b71485c35814f2", "size": 165518, "path": "media/images/labels_1_1dd95a1a20bd4226775f.jpg", "format": "jpg", "width": 1600, "height": 1600}, "train_batch0": {"_type": "image-file", "sha256": "ab9fde49f4e0c79414da5056f5200ff65981ea3cb9ff8e6f66cbb33fd342bad2", "size": 543064, "path": "media/images/train_batch0_1_ab9fde49f4e0c79414da.jpg", "format": "jpg", "width": 1920, "height": 1920}, "train_batch1": {"_type": "image-file", "sha256": "53616727a201fdca5e0ab8f6eb0ac8c3bf48979c56ce0bd65005845609f8302a", "size": 567268, "path": "media/images/train_batch1_1_53616727a201fdca5e0a.jpg", "format": "jpg", "width": 1920, "height": 1920}, "train_batch2": {"_type": "image-file", "sha256": "fe4dd6000a730fa5285cb2636f1a34e118ec081ed4122b06fdcd27f7a24963f9", "size": 631558, "path": "media/images/train_batch2_1_fe4dd6000a730fa5285c.jpg", "format": "jpg", "width": 1920, "height": 1920}, "model/parameters": 3264201, "model/GFLOPs": 12.111, "model/speed_PyTorch(ms)": 284.569, "_runtime": 2623.4365367889404, "_step": 1}